{
    "RegisterCommand": {
        "syntax": "register new command with name §{name}, description §{description}, permission §{permission} to run",
        "java_syntax": "if(command.getName().equalsIgnoreCase(§{name}))",
        "arguments": {
            "§{name}": {
                "required_type": "String",
                "input_type": "text"
            },
            "§{description}": {
                "required_type": "String",
                "input_type": "text"
            },
            "§{permission}": {
                "required_type": "String",
                "input_type": "text"
            }
        }
    }
    ,
    "SendCommandMessage": {
        "syntax": "send message §{text} to command sender",
        "java_syntax": "sender.sendMessage(§{text});",
        "arguments": {
            "§{text}": {
                "required_type": "String",
                "input_type": "text"
            }
        }
    }
}