{
  "1": {
    "syntax": "if §{condition}",
    "java_syntax": "if(§{condition})",
    "arguments": {
        "§{condition}": {
            "required_type": "boolean"
        }
    },
    "type": "control_flow_statement",
    "colour": "#ffa500"
},
  "Equals": {
    "syntax": "§{string-1} equals §{string-2}",
    "java_syntax": "(§{string-1}).equals(§{string-2})",
    "arguments": {
      "§{string-1}": {
        "required_type": "String"
      },
      "§{string-2}": {
        "required_type": "String"
      }
    },
    "return_type": "boolean",
    "type": "value_return"
  },
  "MathematicalEquality": {
    "syntax": "§{object-1} = §{object-2}",
    "negated_syntax": "§{object-1} ≠ §{object-2}",
    "negated_java_syntax": "§{object-1} != §{object-2}",
    "java_syntax": "§{object-1} == §{object-2}",
    "arguments": {
      "§{object-1}": {
        "required_type": "float"
      },
      "§{object-2}": {
        "required_type": "float"
      }
    },
    "return_type": "boolean"
  },
  "GreaterThan": {
    "syntax": "§{object-1} > §{object-2}",
    "java_syntax": "§{object-1} > §{object-2}",
    "arguments": {
      "§{object-1}": {
        "required_type": "float"
      },
      "§{object-2}": {
        "required_type": "float"
      }
    },
    "return_type": "boolean"
  },
  "SmallerThan": {
    "syntax": "§{object-1} < §{object-2}",
    "java_syntax": "§{object-1} < §{object-2}",
    "arguments": {
      "§{object-1}": {
        "required_type": "float"
      },
      "§{object-2}": {
        "required_type": "float"
      }
    },
    "return_type": "boolean"
  },
  "GreaterOrEqualTo": {
    "syntax": "§{object-1} >= §{object-2}",
    "java_syntax": "§{object-1} >= §{object-2}",
    "arguments": {
      "§{object-1} ": {
        "required_type": "float"
      },
      "§{object-2}": {
        "required_type": "float"
      }
    },
    "return_type": "boolean"
  },
  "SmallerOrEqualTo": {
    "syntax": "§{object-1} <= §{object-2}",
    "java_syntax": "§{object-1} <= §{object-2}",
    "arguments": {
      "§{object-1}": {
        "required_type": "float"
      },
      "§{object-2}": {
        "required_type": "float"
      }
    },
    "return_type": "boolean"
  }
}