{
    "String": {
        "syntax": "\"%argument%\"",
        "conversion": {
          "int": "String.valueOf(%argument%)",
          "double": "String.valueOf(%argument%)",
          "float": "String.valueOf(%argument%)",
          "Collection": "%argument%.toString()",
          "Player": "%argument%.toString()",
          "boolean": "String.valueOf(%argument%)"
        }
    },
    "int": {
        "match": "^([+-]?[0-9]\\d*|0)$",
        "conversion": {
            "String": "Integer.parseInt(%argument%)"
        }
    },
    "float": {
        "match": "^[+-]?([0-9]+([.][0-9]*)?|[.][0-9]+)$",
        "conversion": {
          "String" : "Float.parseFloat(%argument%)"
        }
    },
    "Player": {
        "conversion": {
            "String": "Bukkit.getPlayer(%argument%)"
        }
    },
    "double": {
        "match": "^[+-]?([0-9]+([.][0-9]*)?|[.][0-9]+)$",
        "conversion": {
          "String" : "Double.parseDouble(%argument%)"
        }
    },
    "boolean": {
        "match": "^(true|false)$"
    },
    "Collection": {}
}